ball	function	reason
AP14	IO_L1N_AD11N_44	not used in minimal system; no external interface
AN14	IO_L1P_AD11P_44	not used in minimal system; no external interface
AN13	IO_L2N_AD10N_44	not used in minimal system; no external interface
AM14	IO_L2P_AD10P_44	not used in minimal system; no external interface
AP12	IO_L3N_AD9N_44	not used in minimal system; no external interface
AN12	IO_L3P_AD9P_44	not used in minimal system; no external interface
AM13	IO_L4N_AD8N_44	not used in minimal system; no external interface
AL13	IO_L4P_AD8P_44	not used in minimal system; no external interface
AK14	IO_L5N_HDGC_AD7N_44	not used in minimal system; no external interface
AK15	IO_L5P_HDGC_AD7P_44	not used in minimal system; no external interface
AL12	IO_L6N_HDGC_AD6N_44	not used in minimal system; no external interface
AK13	IO_L6P_HDGC_AD6P_44	not used in minimal system; no external interface
AH13	IO_L7N_HDGC_AD5N_44	not used in minimal system; no external interface
AH14	IO_L7P_HDGC_AD5P_44	not used in minimal system; no external interface
AJ14	IO_L8N_HDGC_AD4N_44	not used in minimal system; no external interface
AJ15	IO_L8P_HDGC_AD4P_44	not used in minimal system; no external interface
AF13	IO_L9N_AD3N_44	not used in minimal system; no external interface
AE13	IO_L9P_AD3P_44	not used in minimal system; no external interface
AG13	IO_L10N_AD2N_44	not used in minimal system; no external interface
AG14	IO_L10P_AD2P_44	not used in minimal system; no external interface
AG15	IO_L11N_AD1N_44	not used in minimal system; no external interface
AF15	IO_L11P_AD1P_44	not used in minimal system; no external interface
AE14	IO_L12N_AD0N_44	not used in minimal system; no external interface
AE15	IO_L12P_AD0P_44	not used in minimal system; no external interface
K20	IO_L1N_AD11N_47	not used in minimal system; no external interface
L20	IO_L1P_AD11P_47	not used in minimal system; no external interface
K19	IO_L2N_AD10N_47	not used in minimal system; no external interface
L19	IO_L2P_AD10P_47	not used in minimal system; no external interface
H21	IO_L3N_AD9N_47	not used in minimal system; no external interface
J21	IO_L3P_AD9P_47	not used in minimal system; no external interface
J20	IO_L4N_AD8N_47	not used in minimal system; no external interface
J19	IO_L4P_AD8P_47	not used in minimal system; no external interface
F21	IO_L5N_HDGC_AD7N_47	not used in minimal system; no external interface
G21	IO_L5P_HDGC_AD7P_47	not used in minimal system; no external interface
F20	IO_L6N_HDGC_AD6N_47	not used in minimal system; no external interface
G20	IO_L6P_HDGC_AD6P_47	not used in minimal system; no external interface
D22	IO_L7N_HDGC_AD5N_47	not used in minimal system; no external interface
E22	IO_L7P_HDGC_AD5P_47	not used in minimal system; no external interface
D20	IO_L8N_HDGC_AD4N_47	not used in minimal system; no external interface
E20	IO_L8P_HDGC_AD4P_47	not used in minimal system; no external interface
C22	IO_L9N_AD3N_47	not used in minimal system; no external interface
D21	IO_L9P_AD3P_47	not used in minimal system; no external interface
B21	IO_L10N_AD2N_47	not used in minimal system; no external interface
C21	IO_L10P_AD2P_47	not used in minimal system; no external interface
A22	IO_L11N_AD1N_47	not used in minimal system; no external interface
A21	IO_L11P_AD1P_47	not used in minimal system; no external interface
A20	IO_L12N_AD0N_47	not used in minimal system; no external interface
B20	IO_L12P_AD0P_47	not used in minimal system; no external interface
H19	IO_L1N_AD15N_48	not used in minimal system; no external interface
H18	IO_L1P_AD15P_48	not used in minimal system; no external interface
H17	IO_L2N_AD14N_48	not used in minimal system; no external interface
J17	IO_L2P_AD14P_48	not used in minimal system; no external interface
K18	IO_L3N_AD13N_48	not used in minimal system; no external interface
L18	IO_L3P_AD13P_48	not used in minimal system; no external interface
K17	IO_L4N_AD12N_48	not used in minimal system; no external interface
L17	IO_L4P_AD12P_48	not used in minimal system; no external interface
G19	IO_L5N_HDGC_48	not used in minimal system; no external interface
G18	IO_L5P_HDGC_48	not used in minimal system; no external interface
F18	IO_L6N_HDGC_48	not used in minimal system; no external interface
F17	IO_L6P_HDGC_48	not used in minimal system; no external interface
D19	IO_L7N_HDGC_48	not used in minimal system; no external interface
E19	IO_L7P_HDGC_48	not used in minimal system; no external interface
E18	IO_L8N_HDGC_48	not used in minimal system; no external interface
E17	IO_L8P_HDGC_48	not used in minimal system; no external interface
C17	IO_L9N_AD11N_48	not used in minimal system; no external interface
D17	IO_L9P_AD11P_48	not used in minimal system; no external interface
B19	IO_L10N_AD10N_48	not used in minimal system; no external interface
B18	IO_L10P_AD10P_48	not used in minimal system; no external interface
C19	IO_L11N_AD9N_48	not used in minimal system; no external interface
C18	IO_L11P_AD9P_48	not used in minimal system; no external interface
A18	IO_L12N_AD8N_48	not used in minimal system; no external interface
A17	IO_L12P_AD8P_48	not used in minimal system; no external interface
F15	IO_L1N_AD15N_49	not used in minimal system; no external interface
F16	IO_L1P_AD15P_49	not used in minimal system; no external interface
C16	IO_L2N_AD14N_49	not used in minimal system; no external interface
D16	IO_L2P_AD14P_49	not used in minimal system; no external interface
A16	IO_L3N_AD13N_49	not used in minimal system; no external interface
B16	IO_L3P_AD13P_49	not used in minimal system; no external interface
A15	IO_L4N_AD12N_49	not used in minimal system; no external interface
B15	IO_L4P_AD12P_49	not used in minimal system; no external interface
D15	IO_L5N_HDGC_49	not used in minimal system; no external interface
E15	IO_L5P_HDGC_49	not used in minimal system; no external interface
D14	IO_L6N_HDGC_49	not used in minimal system; no external interface
E14	IO_L6P_HDGC_49	not used in minimal system; no external interface
B14	IO_L7N_HDGC_49	not used in minimal system; no external interface
C14	IO_L7P_HDGC_49	not used in minimal system; no external interface
B13	IO_L8N_HDGC_49	not used in minimal system; no external interface
C13	IO_L8P_HDGC_49	not used in minimal system; no external interface
A12	IO_L9N_AD11N_49	not used in minimal system; no external interface
A13	IO_L9P_AD11P_49	not used in minimal system; no external interface
B12	IO_L10N_AD10N_49	not used in minimal system; no external interface
C12	IO_L10P_AD10P_49	not used in minimal system; no external interface
D12	IO_L11N_AD9N_49	not used in minimal system; no external interface
E12	IO_L11P_AD9P_49	not used in minimal system; no external interface
E13	IO_L12N_AD8N_49	not used in minimal system; no external interface
F13	IO_L12P_AD8P_49	not used in minimal system; no external interface
J10	IO_L1N_AD15N_50	not used in minimal system; no external interface
J11	IO_L1P_AD15P_50	not used in minimal system; no external interface
G10	IO_L2N_AD14N_50	not used in minimal system; no external interface
H10	IO_L2P_AD14P_50	not used in minimal system; no external interface
E10	IO_L3N_AD13N_50	not used in minimal system; no external interface
F10	IO_L3P_AD13P_50	not used in minimal system; no external interface
D10	IO_L4N_AD12N_50	not used in minimal system; no external interface
D11	IO_L4P_AD12P_50	not used in minimal system; no external interface
G11	IO_L5N_HDGC_50	not used in minimal system; no external interface
H11	IO_L5P_HDGC_50	not used in minimal system; no external interface
F11	IO_L6N_HDGC_50	not used in minimal system; no external interface
F12	IO_L6P_HDGC_50	not used in minimal system; no external interface
H12	IO_L7N_HDGC_50	not used in minimal system; no external interface
J12	IO_L7P_HDGC_50	not used in minimal system; no external interface
G13	IO_L8N_HDGC_50	not used in minimal system; no external interface
H13	IO_L8P_HDGC_50	not used in minimal system; no external interface
G14	IO_L9N_AD11N_50	not used in minimal system; no external interface
G15	IO_L9P_AD11P_50	not used in minimal system; no external interface
H14	IO_L10N_AD10N_50	not used in minimal system; no external interface
J14	IO_L10P_AD10P_50	not used in minimal system; no external interface
G16	IO_L11N_AD9N_50	not used in minimal system; no external interface
H16	IO_L11P_AD9P_50	not used in minimal system; no external interface
J15	IO_L12N_AD8N_50	not used in minimal system; no external interface
J16	IO_L12P_AD8P_50	not used in minimal system; no external interface
AL11	IO_L2P_T0L_N2_64	not used in minimal system; no external interface
AP4	IO_L15N_T2L_N5_AD11N_64	not used in minimal system; no external interface
AP5	IO_L15P_T2L_N4_AD11P_64	not used in minimal system; no external interface
AP6	IO_L16N_T2U_N7_QBC_AD3N_64	not used in minimal system; no external interface
AN6	IO_L16P_T2U_N6_QBC_AD3P_64	not used in minimal system; no external interface
AN4	IO_L17N_T2U_N9_AD10N_64	not used in minimal system; no external interface
AM4	IO_L17P_T2U_N8_AD10P_64	not used in minimal system; no external interface
AK4	IO_L18N_T2U_N11_AD2N_64	not used in minimal system; no external interface
AK5	IO_L18P_T2U_N10_AD2P_64	not used in minimal system; no external interface
AP2	IO_L19N_T3L_N1_DBC_AD9N_64	not used in minimal system; no external interface
AN2	IO_L19P_T3L_N0_DBC_AD9P_64	not used in minimal system; no external interface
AP3	IO_L20N_T3L_N3_AD1N_64	not used in minimal system; no external interface
AN3	IO_L20P_T3L_N2_AD1P_64	not used in minimal system; no external interface
AN1	IO_L21N_T3L_N5_AD8N_64	not used in minimal system; no external interface
AM1	IO_L21P_T3L_N4_AD8P_64	not used in minimal system; no external interface
AL2	IO_L22N_T3U_N7_DBC_AD0N_64	not used in minimal system; no external interface
AL3	IO_L22P_T3U_N6_DBC_AD0P_64	not used in minimal system; no external interface
AL1	IO_L23N_T3U_N9_64	not used in minimal system; no external interface
AK1	IO_L23P_T3U_N8_64	not used in minimal system; no external interface
AK2	IO_L24N_T3U_N11_64	not used in minimal system; no external interface
AK3	IO_L24P_T3U_N10_64	not used in minimal system; no external interface
AH9	IO_T1U_N12_65	not used in minimal system; no external interface
AG1	IO_T3U_N12_65	not used in minimal system; no external interface
AF10	IO_L1N_T0L_N1_DBC_65	not used in minimal system; no external interface
AH6	IO_L7N_T1L_N1_QBC_AD13N_65	not used in minimal system; no external interface
AF5	IO_L13N_T2L_N1_GC_QBC_65	not used in minimal system; no external interface
AJ2	IO_L19N_T3L_N1_DBC_AD9N_65	not used in minimal system; no external interface
W9	IO_T0U_N12_VRP_66	not used in minimal system; no external interface
AA8	IO_T1U_N12_66	not used in minimal system; no external interface
AA3	IO_T2U_N12_66	not used in minimal system; no external interface
AB1	IO_T3U_N12_66	not used in minimal system; no external interface
AC11	IO_L1N_T0L_N1_DBC_66	not used in minimal system; no external interface
AC12	IO_L1P_T0L_N0_DBC_66	not used in minimal system; no external interface
AB10	IO_L2N_T0L_N3_66	not used in minimal system; no external interface
AB11	IO_L2P_T0L_N2_66	not used in minimal system; no external interface
AA10	IO_L3N_T0L_N5_AD15N_66	not used in minimal system; no external interface
AA11	IO_L3P_T0L_N4_AD15P_66	not used in minimal system; no external interface
AC9	IO_L4N_T0U_N7_DBC_AD7N_66	not used in minimal system; no external interface
AB9	IO_L4P_T0U_N6_DBC_AD7P_66	not used in minimal system; no external interface
AA12	IO_L5N_T0U_N9_AD14N_66	not used in minimal system; no external interface
Y12	IO_L5P_T0U_N8_AD14P_66	not used in minimal system; no external interface
Y9	IO_L6N_T0U_N11_AD6N_66	not used in minimal system; no external interface
Y10	IO_L6P_T0U_N10_AD6P_66	not used in minimal system; no external interface
AC6	IO_L7N_T1L_N1_QBC_AD13N_66	not used in minimal system; no external interface
AC7	IO_L7P_T1L_N0_QBC_AD13P_66	not used in minimal system; no external interface
AC8	IO_L8N_T1L_N3_AD5N_66	not used in minimal system; no external interface
AB8	IO_L8P_T1L_N2_AD5P_66	not used in minimal system; no external interface
W6	IO_L9N_T1L_N5_AD12N_66	not used in minimal system; no external interface
W7	IO_L9P_T1L_N4_AD12P_66	not used in minimal system; no external interface
AB5	IO_L10N_T1U_N7_QBC_AD4N_66	not used in minimal system; no external interface
AB6	IO_L10P_T1U_N6_QBC_AD4P_66	not used in minimal system; no external interface
Y7	IO_L11N_T1U_N9_GC_66	not used in minimal system; no external interface
Y8	IO_L11P_T1U_N8_GC_66	not used in minimal system; no external interface
AA6	IO_L12N_T1U_N11_GC_66	not used in minimal system; no external interface
AA7	IO_L12P_T1U_N10_GC_66	not used in minimal system; no external interface
Y3	IO_L13N_T2L_N1_GC_QBC_66	not used in minimal system; no external interface
Y4	IO_L13P_T2L_N0_GC_QBC_66	not used in minimal system; no external interface
AA5	IO_L14N_T2L_N3_GC_66	not used in minimal system; no external interface
Y5	IO_L14P_T2L_N2_GC_66	not used in minimal system; no external interface
W4	IO_L15N_T2L_N5_AD11N_66	not used in minimal system; no external interface
W5	IO_L15P_T2L_N4_AD11P_66	not used in minimal system; no external interface
AC4	IO_L16N_T2U_N7_QBC_AD3N_66	not used in minimal system; no external interface
AB4	IO_L16P_T2U_N6_QBC_AD3P_66	not used in minimal system; no external interface
V3	IO_L17N_T2U_N9_AD10N_66	not used in minimal system; no external interface
V4	IO_L17P_T2U_N8_AD10P_66	not used in minimal system; no external interface
U4	IO_L18N_T2U_N11_AD2N_66	not used in minimal system; no external interface
U5	IO_L18P_T2U_N10_AD2P_66	not used in minimal system; no external interface
AC1	IO_L19N_T3L_N1_DBC_AD9N_66	not used in minimal system; no external interface
AC2	IO_L19P_T3L_N0_DBC_AD9P_66	not used in minimal system; no external interface
AC3	IO_L20N_T3L_N3_AD1N_66	not used in minimal system; no external interface
AB3	IO_L20P_T3L_N2_AD1P_66	not used in minimal system; no external interface
AA1	IO_L21N_T3L_N5_AD8N_66	not used in minimal system; no external interface
AA2	IO_L21P_T3L_N4_AD8P_66	not used in minimal system; no external interface
Y1	IO_L22N_T3U_N7_DBC_AD0N_66	not used in minimal system; no external interface
Y2	IO_L22P_T3U_N6_DBC_AD0P_66	not used in minimal system; no external interface
V1	IO_L23N_T3U_N9_66	not used in minimal system; no external interface
V2	IO_L23P_T3U_N8_66	not used in minimal system; no external interface
W1	IO_L24N_T3U_N11_66	not used in minimal system; no external interface
W2	IO_L24P_T3U_N10_66	not used in minimal system; no external interface
W10	IO_T0U_N12_VRP_67	not used in minimal system; no external interface
V9	IO_T1U_N12_67	not used in minimal system; no external interface
K10	IO_T2U_N12_67	not used in minimal system; no external interface
K14	IO_T3U_N12_67	not used in minimal system; no external interface
W11	IO_L1N_T0L_N1_DBC_67	not used in minimal system; no external interface
W12	IO_L1P_T0L_N0_DBC_67	not used in minimal system; no external interface
R13	IO_L2N_T0L_N3_67	not used in minimal system; no external interface
T13	IO_L2P_T0L_N2_67	not used in minimal system; no external interface
T10	IO_L3N_T0L_N5_AD15N_67	not used in minimal system; no external interface
U10	IO_L3P_T0L_N4_AD15P_67	not used in minimal system; no external interface
R12	IO_L4N_T0U_N7_DBC_AD7N_67	not used in minimal system; no external interface
T12	IO_L4P_T0U_N6_DBC_AD7P_67	not used in minimal system; no external interface
V11	IO_L5N_T0U_N9_AD14N_67	not used in minimal system; no external interface
V12	IO_L5P_T0U_N8_AD14P_67	not used in minimal system; no external interface
T11	IO_L6N_T0U_N11_AD6N_67	not used in minimal system; no external interface
U11	IO_L6P_T0U_N10_AD6P_67	not used in minimal system; no external interface
V7	IO_L7N_T1L_N1_QBC_AD13N_67	not used in minimal system; no external interface
V8	IO_L7P_T1L_N0_QBC_AD13P_67	not used in minimal system; no external interface
U6	IO_L8N_T1L_N3_AD5N_67	not used in minimal system; no external interface
V6	IO_L8P_T1L_N2_AD5P_67	not used in minimal system; no external interface
U8	IO_L9N_T1L_N5_AD12N_67	not used in minimal system; no external interface
U9	IO_L9P_T1L_N4_AD12P_67	not used in minimal system; no external interface
T6	IO_L10N_T1U_N7_QBC_AD4N_67	not used in minimal system; no external interface
T7	IO_L10P_T1U_N6_QBC_AD4P_67	not used in minimal system; no external interface
R9	IO_L11N_T1U_N9_GC_67	not used in minimal system; no external interface
R10	IO_L11P_T1U_N8_GC_67	not used in minimal system; no external interface
R8	IO_L12N_T1U_N11_GC_67	not used in minimal system; no external interface
T8	IO_L12P_T1U_N10_GC_67	not used in minimal system; no external interface
N11	IO_L13N_T2L_N1_GC_QBC_67	not used in minimal system; no external interface
P11	IO_L13P_T2L_N0_GC_QBC_67	not used in minimal system; no external interface
P9	IO_L14N_T2L_N3_GC_67	not used in minimal system; no external interface
P10	IO_L14P_T2L_N2_GC_67	not used in minimal system; no external interface
L10	IO_L15N_T2L_N5_AD11N_67	not used in minimal system; no external interface
M10	IO_L15P_T2L_N4_AD11P_67	not used in minimal system; no external interface
N8	IO_L16N_T2U_N7_QBC_AD3N_67	not used in minimal system; no external interface
N9	IO_L16P_T2U_N6_QBC_AD3P_67	not used in minimal system; no external interface
L11	IO_L17N_T2U_N9_AD10N_67	not used in minimal system; no external interface
M11	IO_L17P_T2U_N8_AD10P_67	not used in minimal system; no external interface
K12	IO_L18N_T2U_N11_AD2N_67	not used in minimal system; no external interface
L12	IO_L18P_T2U_N10_AD2P_67	not used in minimal system; no external interface
K16	IO_L19N_T3L_N1_DBC_AD9N_67	not used in minimal system; no external interface
L16	IO_L19P_T3L_N0_DBC_AD9P_67	not used in minimal system; no external interface
M14	IO_L20N_T3L_N3_AD1N_67	not used in minimal system; no external interface
M15	IO_L20P_T3L_N2_AD1P_67	not used in minimal system; no external interface
N12	IO_L21N_T3L_N5_AD8N_67	not used in minimal system; no external interface
P12	IO_L21P_T3L_N4_AD8P_67	not used in minimal system; no external interface
M13	IO_L22N_T3U_N7_DBC_AD0N_67	not used in minimal system; no external interface
N13	IO_L22P_T3U_N6_DBC_AD0P_67	not used in minimal system; no external interface
K13	IO_L23N_T3U_N9_67	not used in minimal system; no external interface
L13	IO_L23P_T3U_N8_67	not used in minimal system; no external interface
K15	IO_L24N_T3U_N11_67	not used in minimal system; no external interface
L15	IO_L24P_T3U_N10_67	not used in minimal system; no external interface
T30	MGTHTXN0_128	not used in minimal system; no external interface
T29	MGTHTXP0_128	not used in minimal system; no external interface
R28	MGTREFCLK0N_128	not used in minimal system; no external interface
R27	MGTREFCLK0P_128	not used in minimal system; no external interface
R32	MGTHTXN1_128	not used in minimal system; no external interface
R31	MGTHTXP1_128	not used in minimal system; no external interface
N28	MGTREFCLK1N_128	not used in minimal system; no external interface
N27	MGTREFCLK1P_128	not used in minimal system; no external interface
P30	MGTHTXN2_128	not used in minimal system; no external interface
P29	MGTHTXP2_128	not used in minimal system; no external interface
M30	MGTHTXN3_128	not used in minimal system; no external interface
M29	MGTHTXP3_128	not used in minimal system; no external interface
K30	MGTHTXN0_129	not used in minimal system; no external interface
K29	MGTHTXP0_129	not used in minimal system; no external interface
L28	MGTREFCLK0N_129	not used in minimal system; no external interface
L27	MGTREFCLK0P_129	not used in minimal system; no external interface
J32	MGTHTXN1_129	not used in minimal system; no external interface
J31	MGTHTXP1_129	not used in minimal system; no external interface
J28	MGTREFCLK1N_129	not used in minimal system; no external interface
J27	MGTREFCLK1P_129	not used in minimal system; no external interface
H30	MGTHTXN2_129	not used in minimal system; no external interface
H29	MGTHTXP2_129	not used in minimal system; no external interface
G32	MGTHTXN3_129	not used in minimal system; no external interface
G31	MGTHTXP3_129	not used in minimal system; no external interface
F30	MGTHTXN0_130	not used in minimal system; no external interface
F29	MGTHTXP0_130	not used in minimal system; no external interface
G28	MGTREFCLK0N_130	not used in minimal system; no external interface
G27	MGTREFCLK0P_130	not used in minimal system; no external interface
D30	MGTHTXN1_130	not used in minimal system; no external interface
D29	MGTHTXP1_130	not used in minimal system; no external interface
E28	MGTREFCLK1N_130	not used in minimal system; no external interface
E27	MGTREFCLK1P_130	not used in minimal system; no external interface
B30	MGTHTXN2_130	not used in minimal system; no external interface
B29	MGTHTXP2_130	not used in minimal system; no external interface
A32	MGTHTXN3_130	not used in minimal system; no external interface
A31	MGTHTXP3_130	not used in minimal system; no external interface
R3	MGTHTXN0_228	not used in minimal system; no external interface
R4	MGTHTXP0_228	not used in minimal system; no external interface
L7	MGTREFCLK0N_228	not used in minimal system; no external interface
L8	MGTREFCLK0P_228	not used in minimal system; no external interface
P5	MGTHTXN1_228	not used in minimal system; no external interface
P6	MGTHTXP1_228	not used in minimal system; no external interface
J7	MGTREFCLK1N_228	not used in minimal system; no external interface
J8	MGTREFCLK1P_228	not used in minimal system; no external interface
N3	MGTHTXN2_228	not used in minimal system; no external interface
N4	MGTHTXP2_228	not used in minimal system; no external interface
M5	MGTHTXN3_228	not used in minimal system; no external interface
M6	MGTHTXP3_228	not used in minimal system; no external interface
K5	MGTHTXN0_229	not used in minimal system; no external interface
K6	MGTHTXP0_229	not used in minimal system; no external interface
G7	MGTREFCLK0N_229	not used in minimal system; no external interface
G8	MGTREFCLK0P_229	not used in minimal system; no external interface
H5	MGTHTXN1_229	not used in minimal system; no external interface
H6	MGTHTXP1_229	not used in minimal system; no external interface
E7	MGTREFCLK1N_229	not used in minimal system; no external interface
E8	MGTREFCLK1P_229	not used in minimal system; no external interface
G3	MGTHTXN2_229	not used in minimal system; no external interface
G4	MGTHTXP2_229	not used in minimal system; no external interface
F5	MGTHTXN3_229	not used in minimal system; no external interface
F6	MGTHTXP3_229	not used in minimal system; no external interface
E3	MGTHTXN0_230	not used in minimal system; no external interface
E4	MGTHTXP0_230	not used in minimal system; no external interface
C7	MGTREFCLK0N_230	not used in minimal system; no external interface
C8	MGTREFCLK0P_230	not used in minimal system; no external interface
D5	MGTHTXN1_230	not used in minimal system; no external interface
D6	MGTHTXP1_230	not used in minimal system; no external interface
B9	MGTREFCLK1N_230	not used in minimal system; no external interface
B10	MGTREFCLK1P_230	not used in minimal system; no external interface
B5	MGTHTXN2_230	not used in minimal system; no external interface
B6	MGTHTXP2_230	not used in minimal system; no external interface
A7	MGTHTXN3_230	not used in minimal system; no external interface
A8	MGTHTXP3_230	not used in minimal system; no external interface
AE20	PS_MIO24_500	not used in minimal system; no external interface
AE19	PS_MIO25_500	not used in minimal system; no external interface
AL15	PS_MIO6_500	not used in minimal system; no external interface
P21	PS_MIO26_501	not used in minimal system; no external interface
M21	PS_MIO27_501	not used in minimal system; no external interface
N21	PS_MIO28_501	not used in minimal system; no external interface
K22	PS_MIO29_501	not used in minimal system; no external interface
L21	PS_MIO30_501	not used in minimal system; no external interface
J22	PS_MIO31_501	not used in minimal system; no external interface
H22	PS_MIO32_501	not used in minimal system; no external interface
H23	PS_MIO33_501	not used in minimal system; no external interface
L22	PS_MIO34_501	not used in minimal system; no external interface
P22	PS_MIO35_501	not used in minimal system; no external interface
K23	PS_MIO36_501	not used in minimal system; no external interface
N22	PS_MIO37_501	not used in minimal system; no external interface
L23	PS_MIO38_501	not used in minimal system; no external interface
N23	PS_MIO39_501	not used in minimal system; no external interface
M23	PS_MIO40_501	not used in minimal system; no external interface
J24	PS_MIO41_501	not used in minimal system; no external interface
N24	PS_MIO44_501	not used in minimal system; no external interface
P24	PS_MIO45_501	not used in minimal system; no external interface
J25	PS_MIO46_501	not used in minimal system; no external interface
L25	PS_MIO47_501	not used in minimal system; no external interface
M25	PS_MIO48_501	not used in minimal system; no external interface
K25	PS_MIO49_501	not used in minimal system; no external interface
P25	PS_MIO50_501	not used in minimal system; no external interface
N25	PS_MIO51_501	not used in minimal system; no external interface
F22	PS_MIO52_502	not used in minimal system; no external interface
E23	PS_MIO53_502	not used in minimal system; no external interface
F23	PS_MIO54_502	not used in minimal system; no external interface
B23	PS_MIO55_502	not used in minimal system; no external interface
C23	PS_MIO56_502	not used in minimal system; no external interface
A23	PS_MIO57_502	not used in minimal system; no external interface
G23	PS_MIO58_502	not used in minimal system; no external interface
B24	PS_MIO59_502	not used in minimal system; no external interface
E24	PS_MIO60_502	not used in minimal system; no external interface
C24	PS_MIO61_502	not used in minimal system; no external interface
G24	PS_MIO62_502	not used in minimal system; no external interface
D24	PS_MIO63_502	not used in minimal system; no external interface
A25	PS_MIO64_502	not used in minimal system; no external interface
A26	PS_MIO65_502	not used in minimal system; no external interface
A27	PS_MIO66_502	not used in minimal system; no external interface
B25	PS_MIO67_502	not used in minimal system; no external interface
B26	PS_MIO68_502	not used in minimal system; no external interface
B27	PS_MIO69_502	not used in minimal system; no external interface
C26	PS_MIO70_502	not used in minimal system; no external interface
C27	PS_MIO71_502	not used in minimal system; no external interface
E25	PS_MIO72_502	not used in minimal system; no external interface
H24	PS_MIO73_502	not used in minimal system; no external interface
G25	PS_MIO74_502	not used in minimal system; no external interface
D25	PS_MIO75_502	not used in minimal system; no external interface
H25	PS_MIO76_502	not used in minimal system; no external interface
F25	PS_MIO77_502	not used in minimal system; no external interface
T21	PS_ERROR_OUT_503	not used in minimal system; no external interface
R21	PS_ERROR_STATUS_503	not used in minimal system; no external interface
AF25	PS_DDR_A17_504	not used in minimal system; no external interface
AH27	PS_DDR_BG1_504	not used in minimal system; no external interface
AL26	PS_DDR_CK1_504	not used in minimal system; no external interface
AJ27	PS_DDR_CKE1_504	not used in minimal system; no external interface
AL27	PS_DDR_CK_N1_504	not used in minimal system; no external interface
AL30	PS_DDR_CS_N1_504	not used in minimal system; no external interface
AN34	PS_DDR_DM8_504	not used in minimal system; no external interface
AN31	PS_DDR_DQ64_504	not used in minimal system; no external interface
AP31	PS_DDR_DQ65_504	not used in minimal system; no external interface
AP32	PS_DDR_DQ66_504	not used in minimal system; no external interface
AP33	PS_DDR_DQ67_504	not used in minimal system; no external interface
AM31	PS_DDR_DQ68_504	not used in minimal system; no external interface
AM33	PS_DDR_DQ69_504	not used in minimal system; no external interface
AM34	PS_DDR_DQ70_504	not used in minimal system; no external interface
AL33	PS_DDR_DQ71_504	not used in minimal system; no external interface
AN33	PS_DDR_DQS_N8_504	not used in minimal system; no external interface
AN32	PS_DDR_DQS_P8_504	not used in minimal system; no external interface
AJ26	PS_DDR_ODT1_504	not used in minimal system; no external interface
AA28	PS_MGTREFCLK0N_505	not used in minimal system; no external interface
AA27	PS_MGTREFCLK0P_505	not used in minimal system; no external interface
AB30	PS_MGTRTXN0_505	not used in minimal system; no external interface
AB29	PS_MGTRTXP0_505	not used in minimal system; no external interface
W28	PS_MGTREFCLK1N_505	not used in minimal system; no external interface
W27	PS_MGTREFCLK1P_505	not used in minimal system; no external interface
Y30	PS_MGTRTXN1_505	not used in minimal system; no external interface
Y29	PS_MGTRTXP1_505	not used in minimal system; no external interface
U28	PS_MGTREFCLK2N_505	not used in minimal system; no external interface
U27	PS_MGTREFCLK2P_505	not used in minimal system; no external interface
W32	PS_MGTRTXN2_505	not used in minimal system; no external interface
W31	PS_MGTRTXP2_505	not used in minimal system; no external interface
U32	PS_MGTREFCLK3N_505	not used in minimal system; no external interface
U31	PS_MGTREFCLK3P_505	not used in minimal system; no external interface
V30	PS_MGTRTXN3_505	not used in minimal system; no external interface
V29	PS_MGTRTXP3_505	not used in minimal system; no external interface
AD11	VREF_65	not used in minimal system; no external interface
AD12	VREF_66	not used in minimal system; no external interface
AF26	NC	reserved package ball
AF27	NC	reserved package ball
AJ11	VREF_64	not used in minimal system; no external interface
N14	VREF_67	not used in minimal system; no external interface
