ball	pin_func	bank
V17	VN	
U18	VP	
AP14	IO_L1N_AD11N_44	44
AN14	IO_L1P_AD11P_44	44
AN13	IO_L2N_AD10N_44	44
AM14	IO_L2P_AD10P_44	44
AP12	IO_L3N_AD9N_44	44
AN12	IO_L3P_AD9P_44	44
AM13	IO_L4N_AD8N_44	44
AL13	IO_L4P_AD8P_44	44
AK14	IO_L5N_HDGC_AD7N_44	44
AK15	IO_L5P_HDGC_AD7P_44	44
AL12	IO_L6N_HDGC_AD6N_44	44
AK13	IO_L6P_HDGC_AD6P_44	44
AH13	IO_L7N_HDGC_AD5N_44	44
AH14	IO_L7P_HDGC_AD5P_44	44
AJ14	IO_L8N_HDGC_AD4N_44	44
AJ15	IO_L8P_HDGC_AD4P_44	44
AF13	IO_L9N_AD3N_44	44
AE13	IO_L9P_AD3P_44	44
AG13	IO_L10N_AD2N_44	44
AG14	IO_L10P_AD2P_44	44
AG15	IO_L11N_AD1N_44	44
AF15	IO_L11P_AD1P_44	44
AE14	IO_L12N_AD0N_44	44
AE15	IO_L12P_AD0P_44	44
K20	IO_L1N_AD11N_47	47
L20	IO_L1P_AD11P_47	47
K19	IO_L2N_AD10N_47	47
L19	IO_L2P_AD10P_47	47
H21	IO_L3N_AD9N_47	47
J21	IO_L3P_AD9P_47	47
J20	IO_L4N_AD8N_47	47
J19	IO_L4P_AD8P_47	47
F21	IO_L5N_HDGC_AD7N_47	47
G21	IO_L5P_HDGC_AD7P_47	47
F20	IO_L6N_HDGC_AD6N_47	47
G20	IO_L6P_HDGC_AD6P_47	47
D22	IO_L7N_HDGC_AD5N_47	47
E22	IO_L7P_HDGC_AD5P_47	47
D20	IO_L8N_HDGC_AD4N_47	47
E20	IO_L8P_HDGC_AD4P_47	47
C22	IO_L9N_AD3N_47	47
D21	IO_L9P_AD3P_47	47
B21	IO_L10N_AD2N_47	47
C21	IO_L10P_AD2P_47	47
A22	IO_L11N_AD1N_47	47
A21	IO_L11P_AD1P_47	47
A20	IO_L12N_AD0N_47	47
B20	IO_L12P_AD0P_47	47
H19	IO_L1N_AD15N_48	48
H18	IO_L1P_AD15P_48	48
H17	IO_L2N_AD14N_48	48
J17	IO_L2P_AD14P_48	48
K18	IO_L3N_AD13N_48	48
L18	IO_L3P_AD13P_48	48
K17	IO_L4N_AD12N_48	48
L17	IO_L4P_AD12P_48	48
G19	IO_L5N_HDGC_48	48
G18	IO_L5P_HDGC_48	48
F18	IO_L6N_HDGC_48	48
F17	IO_L6P_HDGC_48	48
D19	IO_L7N_HDGC_48	48
E19	IO_L7P_HDGC_48	48
E18	IO_L8N_HDGC_48	48
E17	IO_L8P_HDGC_48	48
C17	IO_L9N_AD11N_48	48
D17	IO_L9P_AD11P_48	48
B19	IO_L10N_AD10N_48	48
B18	IO_L10P_AD10P_48	48
C19	IO_L11N_AD9N_48	48
C18	IO_L11P_AD9P_48	48
A18	IO_L12N_AD8N_48	48
A17	IO_L12P_AD8P_48	48
F15	IO_L1N_AD15N_49	49
F16	IO_L1P_AD15P_49	49
C16	IO_L2N_AD14N_49	49
D16	IO_L2P_AD14P_49	49
A16	IO_L3N_AD13N_49	49
B16	IO_L3P_AD13P_49	49
A15	IO_L4N_AD12N_49	49
B15	IO_L4P_AD12P_49	49
D15	IO_L5N_HDGC_49	49
E15	IO_L5P_HDGC_49	49
D14	IO_L6N_HDGC_49	49
E14	IO_L6P_HDGC_49	49
B14	IO_L7N_HDGC_49	49
C14	IO_L7P_HDGC_49	49
B13	IO_L8N_HDGC_49	49
C13	IO_L8P_HDGC_49	49
A12	IO_L9N_AD11N_49	49
A13	IO_L9P_AD11P_49	49
B12	IO_L10N_AD10N_49	49
C12	IO_L10P_AD10P_49	49
D12	IO_L11N_AD9N_49	49
E12	IO_L11P_AD9P_49	49
E13	IO_L12N_AD8N_49	49
F13	IO_L12P_AD8P_49	49
J10	IO_L1N_AD15N_50	50
J11	IO_L1P_AD15P_50	50
G10	IO_L2N_AD14N_50	50
H10	IO_L2P_AD14P_50	50
E10	IO_L3N_AD13N_50	50
F10	IO_L3P_AD13P_50	50
D10	IO_L4N_AD12N_50	50
D11	IO_L4P_AD12P_50	50
G11	IO_L5N_HDGC_50	50
H11	IO_L5P_HDGC_50	50
F11	IO_L6N_HDGC_50	50
F12	IO_L6P_HDGC_50	50
H12	IO_L7N_HDGC_50	50
J12	IO_L7P_HDGC_50	50
G13	IO_L8N_HDGC_50	50
H13	IO_L8P_HDGC_50	50
G14	IO_L9N_AD11N_50	50
G15	IO_L9P_AD11P_50	50
H14	IO_L10N_AD10N_50	50
J14	IO_L10P_AD10P_50	50
G16	IO_L11N_AD9N_50	50
H16	IO_L11P_AD9P_50	50
J15	IO_L12N_AD8N_50	50
J16	IO_L12P_AD8P_50	50
AN11	IO_T0U_N12_VRP_64	64
AJ7	IO_T1U_N12_64	64
AM3	IO_T2U_N12_64	64
AP1	IO_T3U_N12_64	64
AK12	IO_L1N_T0L_N1_DBC_64	64
AJ12	IO_L1P_T0L_N0_DBC_64	64
AM11	IO_L2N_T0L_N3_64	64
AL11	IO_L2P_T0L_N2_64	64
AM10	IO_L3N_T0L_N5_AD15N_64	64
AL10	IO_L3P_T0L_N4_AD15P_64	64
AP10	IO_L4N_T0U_N7_DBC_AD7N_64	64
AP11	IO_L4P_T0U_N6_DBC_AD7P_64	64
AP9	IO_L5N_T0U_N9_AD14N_64	64
AN9	IO_L5P_T0U_N8_AD14P_64	64
AK10	IO_L6N_T0U_N11_AD6N_64	64
AJ10	IO_L6P_T0U_N10_AD6P_64	64
AP8	IO_L7N_T1L_N1_QBC_AD13N_64	64
AN8	IO_L7P_T1L_N0_QBC_AD13P_64	64
AM8	IO_L8N_T1L_N3_AD5N_64	64
AM9	IO_L8P_T1L_N2_AD5P_64	64
AK9	IO_L9N_T1L_N5_AD12N_64	64
AJ9	IO_L9P_T1L_N4_AD12P_64	64
AP7	IO_L10N_T1U_N7_QBC_AD4N_64	64
AN7	IO_L10P_T1U_N6_QBC_AD4P_64	64
AK7	IO_L11N_T1U_N9_GC_64	64
AK8	IO_L11P_T1U_N8_GC_64	64
AL7	IO_L12N_T1U_N11_GC_64	64
AL8	IO_L12P_T1U_N10_GC_64	64
AL5	IO_L13N_T2L_N1_GC_QBC_64	64
AL6	IO_L13P_T2L_N0_GC_QBC_64	64
AM5	IO_L14N_T2L_N3_GC_64	64
AM6	IO_L14P_T2L_N2_GC_64	64
AP4	IO_L15N_T2L_N5_AD11N_64	64
AP5	IO_L15P_T2L_N4_AD11P_64	64
AP6	IO_L16N_T2U_N7_QBC_AD3N_64	64
AN6	IO_L16P_T2U_N6_QBC_AD3P_64	64
AN4	IO_L17N_T2U_N9_AD10N_64	64
AM4	IO_L17P_T2U_N8_AD10P_64	64
AK4	IO_L18N_T2U_N11_AD2N_64	64
AK5	IO_L18P_T2U_N10_AD2P_64	64
AP2	IO_L19N_T3L_N1_DBC_AD9N_64	64
AN2	IO_L19P_T3L_N0_DBC_AD9P_64	64
AP3	IO_L20N_T3L_N3_AD1N_64	64
AN3	IO_L20P_T3L_N2_AD1P_64	64
AN1	IO_L21N_T3L_N5_AD8N_64	64
AM1	IO_L21P_T3L_N4_AD8P_64	64
AL2	IO_L22N_T3U_N7_DBC_AD0N_64	64
AL3	IO_L22P_T3U_N6_DBC_AD0P_64	64
AL1	IO_L23N_T3U_N9_64	64
AK1	IO_L23P_T3U_N8_64	64
AK2	IO_L24N_T3U_N11_64	64
AK3	IO_L24P_T3U_N10_64	64
AD9	IO_T0U_N12_VRP_65	65
AH9	IO_T1U_N12_65	65
AD5	IO_T2U_N12_65	65
AG1	IO_T3U_N12_65	65
AF10	IO_L1N_T0L_N1_DBC_65	65
AE10	IO_L1P_T0L_N0_DBC_65	65
AH11	IO_L2N_T0L_N3_65	65
AH12	IO_L2P_T0L_N2_65	65
AF12	IO_L3N_T0L_N5_AD15N_65	65
AE12	IO_L3P_T0L_N4_AD15P_65	65
AG11	IO_L4N_T0U_N7_DBC_AD7N_65	65
AF11	IO_L4P_T0U_N6_DBC_AD7P_SMBALERT_65	65
AG9	IO_L5N_T0U_N9_AD14N_65	65
AG10	IO_L5P_T0U_N8_AD14P_65	65
AE9	IO_L6N_T0U_N11_AD6N_65	65
AD10	IO_L6P_T0U_N10_AD6P_65	65
AH6	IO_L7N_T1L_N1_QBC_AD13N_65	65
AH7	IO_L7P_T1L_N0_QBC_AD13P_65	65
AH8	IO_L8N_T1L_N3_AD5N_65	65
AG8	IO_L8P_T1L_N2_AD5P_65	65
AD6	IO_L9N_T1L_N5_AD12N_65	65
AD7	IO_L9P_T1L_N4_AD12P_65	65
AF8	IO_L10N_T1U_N7_QBC_AD4N_65	65
AE8	IO_L10P_T1U_N6_QBC_AD4P_65	65
AG6	IO_L11N_T1U_N9_GC_65	65
AF6	IO_L11P_T1U_N8_GC_65	65
AF7	IO_L12N_T1U_N11_GC_65	65
AE7	IO_L12P_T1U_N10_GC_65	65
AF5	IO_L13N_T2L_N1_GC_QBC_65	65
AE5	IO_L13P_T2L_N0_GC_QBC_65	65
AG4	IO_L14N_T2L_N3_GC_65	65
AG5	IO_L14P_T2L_N2_GC_65	65
AJ4	IO_L15N_T2L_N5_AD11N_65	65
AH4	IO_L15P_T2L_N4_AD11P_65	65
AJ5	IO_L16N_T2U_N7_QBC_AD3N_65	65
AJ6	IO_L16P_T2U_N6_QBC_AD3P_65	65
AF3	IO_L17N_T2U_N9_AD10N_65	65
AE3	IO_L17P_T2U_N8_AD10P_65	65
AE4	IO_L18N_T2U_N11_AD2N_65	65
AD4	IO_L18P_T2U_N10_AD2P_65	65
AJ2	IO_L19N_T3L_N1_DBC_AD9N_65	65
AH2	IO_L19P_T3L_N0_DBC_AD9P_65	65
AH3	IO_L20N_T3L_N3_AD1N_65	65
AG3	IO_L20P_T3L_N2_AD1P_65	65
AF1	IO_L21N_T3L_N5_AD8N_65	65
AF2	IO_L21P_T3L_N4_AD8P_65	65
AJ1	IO_L22N_T3U_N7_DBC_AD0N_65	65
AH1	IO_L22P_T3U_N6_DBC_AD0P_65	65
AD1	IO_L23N_T3U_N9_65	65
AD2	IO_L23P_T3U_N8_I2C_SCLK_65	65
AE1	IO_L24N_T3U_N11_PERSTN0_65	65
AE2	IO_L24P_T3U_N10_PERSTN1_I2C_SDA_65	65
W9	IO_T0U_N12_VRP_66	66
AA8	IO_T1U_N12_66	66
AA3	IO_T2U_N12_66	66
AB1	IO_T3U_N12_66	66
AC11	IO_L1N_T0L_N1_DBC_66	66
AC12	IO_L1P_T0L_N0_DBC_66	66
AB10	IO_L2N_T0L_N3_66	66
AB11	IO_L2P_T0L_N2_66	66
AA10	IO_L3N_T0L_N5_AD15N_66	66
AA11	IO_L3P_T0L_N4_AD15P_66	66
AC9	IO_L4N_T0U_N7_DBC_AD7N_66	66
AB9	IO_L4P_T0U_N6_DBC_AD7P_66	66
AA12	IO_L5N_T0U_N9_AD14N_66	66
Y12	IO_L5P_T0U_N8_AD14P_66	66
Y9	IO_L6N_T0U_N11_AD6N_66	66
Y10	IO_L6P_T0U_N10_AD6P_66	66
AC6	IO_L7N_T1L_N1_QBC_AD13N_66	66
AC7	IO_L7P_T1L_N0_QBC_AD13P_66	66
AC8	IO_L8N_T1L_N3_AD5N_66	66
AB8	IO_L8P_T1L_N2_AD5P_66	66
W6	IO_L9N_T1L_N5_AD12N_66	66
W7	IO_L9P_T1L_N4_AD12P_66	66
AB5	IO_L10N_T1U_N7_QBC_AD4N_66	66
AB6	IO_L10P_T1U_N6_QBC_AD4P_66	66
Y7	IO_L11N_T1U_N9_GC_66	66
Y8	IO_L11P_T1U_N8_GC_66	66
AA6	IO_L12N_T1U_N11_GC_66	66
AA7	IO_L12P_T1U_N10_GC_66	66
Y3	IO_L13N_T2L_N1_GC_QBC_66	66
Y4	IO_L13P_T2L_N0_GC_QBC_66	66
AA5	IO_L14N_T2L_N3_GC_66	66
Y5	IO_L14P_T2L_N2_GC_66	66
W4	IO_L15N_T2L_N5_AD11N_66	66
W5	IO_L15P_T2L_N4_AD11P_66	66
AC4	IO_L16N_T2U_N7_QBC_AD3N_66	66
AB4	IO_L16P_T2U_N6_QBC_AD3P_66	66
V3	IO_L17N_T2U_N9_AD10N_66	66
V4	IO_L17P_T2U_N8_AD10P_66	66
U4	IO_L18N_T2U_N11_AD2N_66	66
U5	IO_L18P_T2U_N10_AD2P_66	66
AC1	IO_L19N_T3L_N1_DBC_AD9N_66	66
AC2	IO_L19P_T3L_N0_DBC_AD9P_66	66
AC3	IO_L20N_T3L_N3_AD1N_66	66
AB3	IO_L20P_T3L_N2_AD1P_66	66
AA1	IO_L21N_T3L_N5_AD8N_66	66
AA2	IO_L21P_T3L_N4_AD8P_66	66
Y1	IO_L22N_T3U_N7_DBC_AD0N_66	66
Y2	IO_L22P_T3U_N6_DBC_AD0P_66	66
V1	IO_L23N_T3U_N9_66	66
V2	IO_L23P_T3U_N8_66	66
W1	IO_L24N_T3U_N11_66	66
W2	IO_L24P_T3U_N10_66	66
W10	IO_T0U_N12_VRP_67	67
V9	IO_T1U_N12_67	67
K10	IO_T2U_N12_67	67
K14	IO_T3U_N12_67	67
W11	IO_L1N_T0L_N1_DBC_67	67
W12	IO_L1P_T0L_N0_DBC_67	67
R13	IO_L2N_T0L_N3_67	67
T13	IO_L2P_T0L_N2_67	67
T10	IO_L3N_T0L_N5_AD15N_67	67
U10	IO_L3P_T0L_N4_AD15P_67	67
R12	IO_L4N_T0U_N7_DBC_AD7N_67	67
T12	IO_L4P_T0U_N6_DBC_AD7P_67	67
V11	IO_L5N_T0U_N9_AD14N_67	67
V12	IO_L5P_T0U_N8_AD14P_67	67
T11	IO_L6N_T0U_N11_AD6N_67	67
U11	IO_L6P_T0U_N10_AD6P_67	67
V7	IO_L7N_T1L_N1_QBC_AD13N_67	67
V8	IO_L7P_T1L_N0_QBC_AD13P_67	67
U6	IO_L8N_T1L_N3_AD5N_67	67
V6	IO_L8P_T1L_N2_AD5P_67	67
U8	IO_L9N_T1L_N5_AD12N_67	67
U9	IO_L9P_T1L_N4_AD12P_67	67
T6	IO_L10N_T1U_N7_QBC_AD4N_67	67
T7	IO_L10P_T1U_N6_QBC_AD4P_67	67
R9	IO_L11N_T1U_N9_GC_67	67
R10	IO_L11P_T1U_N8_GC_67	67
R8	IO_L12N_T1U_N11_GC_67	67
T8	IO_L12P_T1U_N10_GC_67	67
N11	IO_L13N_T2L_N1_GC_QBC_67	67
P11	IO_L13P_T2L_N0_GC_QBC_67	67
P9	IO_L14N_T2L_N3_GC_67	67
P10	IO_L14P_T2L_N2_GC_67	67
L10	IO_L15N_T2L_N5_AD11N_67	67
M10	IO_L15P_T2L_N4_AD11P_67	67
N8	IO_L16N_T2U_N7_QBC_AD3N_67	67
N9	IO_L16P_T2U_N6_QBC_AD3P_67	67
L11	IO_L17N_T2U_N9_AD10N_67	67
M11	IO_L17P_T2U_N8_AD10P_67	67
K12	IO_L18N_T2U_N11_AD2N_67	67
L12	IO_L18P_T2U_N10_AD2P_67	67
K16	IO_L19N_T3L_N1_DBC_AD9N_67	67
L16	IO_L19P_T3L_N0_DBC_AD9P_67	67
M14	IO_L20N_T3L_N3_AD1N_67	67
M15	IO_L20P_T3L_N2_AD1P_67	67
N12	IO_L21N_T3L_N5_AD8N_67	67
P12	IO_L21P_T3L_N4_AD8P_67	67
M13	IO_L22N_T3U_N7_DBC_AD0N_67	67
N13	IO_L22P_T3U_N6_DBC_AD0P_67	67
K13	IO_L23N_T3U_N9_67	67
L13	IO_L23P_T3U_N8_67	67
K15	IO_L24N_T3U_N11_67	67
L15	IO_L24P_T3U_N10_67	67
T34	MGTHRXN0_128	128
T33	MGTHRXP0_128	128
T30	MGTHTXN0_128	128
T29	MGTHTXP0_128	128
R28	MGTREFCLK0N_128	128
R27	MGTREFCLK0P_128	128
P34	MGTHRXN1_128	128
P33	MGTHRXP1_128	128
R32	MGTHTXN1_128	128
R31	MGTHTXP1_128	128
N28	MGTREFCLK1N_128	128
N27	MGTREFCLK1P_128	128
N32	MGTHRXN2_128	128
N31	MGTHRXP2_128	128
P30	MGTHTXN2_128	128
P29	MGTHTXP2_128	128
M34	MGTHRXN3_128	128
M33	MGTHRXP3_128	128
M30	MGTHTXN3_128	128
M29	MGTHTXP3_128	128
L32	MGTHRXN0_129	129
L31	MGTHRXP0_129	129
K30	MGTHTXN0_129	129
K29	MGTHTXP0_129	129
L28	MGTREFCLK0N_129	129
L27	MGTREFCLK0P_129	129
K34	MGTHRXN1_129	129
K33	MGTHRXP1_129	129
J32	MGTHTXN1_129	129
J31	MGTHTXP1_129	129
J28	MGTREFCLK1N_129	129
J27	MGTREFCLK1P_129	129
H34	MGTHRXN2_129	129
H33	MGTHRXP2_129	129
H30	MGTHTXN2_129	129
H29	MGTHTXP2_129	129
F34	MGTHRXN3_129	129
F33	MGTHRXP3_129	129
G32	MGTHTXN3_129	129
G31	MGTHTXP3_129	129
E32	MGTHRXN0_130	130
E31	MGTHRXP0_130	130
F30	MGTHTXN0_130	130
F29	MGTHTXP0_130	130
G28	MGTREFCLK0N_130	130
G27	MGTREFCLK0P_130	130
D34	MGTHRXN1_130	130
D33	MGTHRXP1_130	130
D30	MGTHTXN1_130	130
D29	MGTHTXP1_130	130
E28	MGTREFCLK1N_130	130
E27	MGTREFCLK1P_130	130
C32	MGTHRXN2_130	130
C31	MGTHRXP2_130	130
B30	MGTHTXN2_130	130
B29	MGTHTXP2_130	130
B34	MGTHRXN3_130	130
B33	MGTHRXP3_130	130
A32	MGTHTXN3_130	130
A31	MGTHTXP3_130	130
T1	MGTHRXN0_228	228
T2	MGTHRXP0_228	228
R3	MGTHTXN0_228	228
R4	MGTHTXP0_228	228
L7	MGTREFCLK0N_228	228
L8	MGTREFCLK0P_228	228
P1	MGTHRXN1_228	228
P2	MGTHRXP1_228	228
P5	MGTHTXN1_228	228
P6	MGTHTXP1_228	228
J7	MGTREFCLK1N_228	228
J8	MGTREFCLK1P_228	228
M1	MGTHRXN2_228	228
M2	MGTHRXP2_228	228
N3	MGTHTXN2_228	228
N4	MGTHTXP2_228	228
L3	MGTHRXN3_228	228
L4	MGTHRXP3_228	228
M5	MGTHTXN3_228	228
M6	MGTHTXP3_228	228
K1	MGTHRXN0_229	229
K2	MGTHRXP0_229	229
K5	MGTHTXN0_229	229
K6	MGTHTXP0_229	229
G7	MGTREFCLK0N_229	229
G8	MGTREFCLK0P_229	229
J3	MGTHRXN1_229	229
J4	MGTHRXP1_229	229
H5	MGTHTXN1_229	229
H6	MGTHTXP1_229	229
E7	MGTREFCLK1N_229	229
E8	MGTREFCLK1P_229	229
H1	MGTHRXN2_229	229
H2	MGTHRXP2_229	229
G3	MGTHTXN2_229	229
G4	MGTHTXP2_229	229
F1	MGTHRXN3_229	229
F2	MGTHRXP3_229	229
F5	MGTHTXN3_229	229
F6	MGTHTXP3_229	229
D1	MGTHRXN0_230	230
D2	MGTHRXP0_230	230
E3	MGTHTXN0_230	230
E4	MGTHTXP0_230	230
C7	MGTREFCLK0N_230	230
C8	MGTREFCLK0P_230	230
C3	MGTHRXN1_230	230
C4	MGTHRXP1_230	230
D5	MGTHTXN1_230	230
D6	MGTHTXP1_230	230
B9	MGTREFCLK1N_230	230
B10	MGTREFCLK1P_230	230
B1	MGTHRXN2_230	230
B2	MGTHRXP2_230	230
B5	MGTHTXN2_230	230
B6	MGTHTXP2_230	230
A3	MGTHRXN3_230	230
A4	MGTHRXP3_230	230
A7	MGTHTXN3_230	230
A8	MGTHTXP3_230	230
AF16	PS_MIO0_500	500
AH17	PS_MIO10_500	500
AF17	PS_MIO11_500	500
AJ17	PS_MIO12_500	500
AK17	PS_MIO13_500	500
AL16	PS_MIO14_500	500
AN16	PS_MIO15_500	500
AM16	PS_MIO16_500	500
AP16	PS_MIO17_500	500
AE18	PS_MIO18_500	500
AL17	PS_MIO19_500	500
AJ16	PS_MIO1_500	500
AD18	PS_MIO20_500	500
AF18	PS_MIO21_500	500
AD20	PS_MIO22_500	500
AD19	PS_MIO23_500	500
AE20	PS_MIO24_500	500
AE19	PS_MIO25_500	500
AD16	PS_MIO2_500	500
AG16	PS_MIO3_500	500
AH16	PS_MIO4_500	500
AM15	PS_MIO5_500	500
AL15	PS_MIO6_500	500
AD17	PS_MIO7_500	500
AE17	PS_MIO8_500	500
AP15	PS_MIO9_500	500
P21	PS_MIO26_501	501
M21	PS_MIO27_501	501
N21	PS_MIO28_501	501
K22	PS_MIO29_501	501
L21	PS_MIO30_501	501
J22	PS_MIO31_501	501
H22	PS_MIO32_501	501
H23	PS_MIO33_501	501
L22	PS_MIO34_501	501
P22	PS_MIO35_501	501
K23	PS_MIO36_501	501
N22	PS_MIO37_501	501
L23	PS_MIO38_501	501
N23	PS_MIO39_501	501
M23	PS_MIO40_501	501
J24	PS_MIO41_501	501
M24	PS_MIO42_501	501
K24	PS_MIO43_501	501
N24	PS_MIO44_501	501
P24	PS_MIO45_501	501
J25	PS_MIO46_501	501
L25	PS_MIO47_501	501
M25	PS_MIO48_501	501
K25	PS_MIO49_501	501
P25	PS_MIO50_501	501
N25	PS_MIO51_501	501
F22	PS_MIO52_502	502
E23	PS_MIO53_502	502
F23	PS_MIO54_502	502
B23	PS_MIO55_502	502
C23	PS_MIO56_502	502
A23	PS_MIO57_502	502
G23	PS_MIO58_502	502
B24	PS_MIO59_502	502
E24	PS_MIO60_502	502
C24	PS_MIO61_502	502
G24	PS_MIO62_502	502
D24	PS_MIO63_502	502
A25	PS_MIO64_502	502
A26	PS_MIO65_502	502
A27	PS_MIO66_502	502
B25	PS_MIO67_502	502
B26	PS_MIO68_502	502
B27	PS_MIO69_502	502
C26	PS_MIO70_502	502
C27	PS_MIO71_502	502
E25	PS_MIO72_502	502
H24	PS_MIO73_502	502
G25	PS_MIO74_502	502
D25	PS_MIO75_502	502
H25	PS_MIO76_502	502
F25	PS_MIO77_502	502
W21	PS_DONE_503	503
T21	PS_ERROR_OUT_503	503
R21	PS_ERROR_STATUS_503	503
V24	PS_INIT_B_503	503
R25	PS_JTAG_TCK_503	503
U25	PS_JTAG_TDI_503	503
T25	PS_JTAG_TDO_503	503
R24	PS_JTAG_TMS_503	503
T22	PS_MODE0_503	503
R22	PS_MODE1_503	503
T23	PS_MODE2_503	503
R23	PS_MODE3_503	503
V21	PS_PADI_503	503
V22	PS_PADO_503	503
V23	PS_POR_B_503	503
U21	PS_PROG_B_503	503
U24	PS_REF_CLK_503	503
U23	PS_SRST_B_503	503
AP29	PS_DDR_A0_504	504
AL28	PS_DDR_A10_504	504
AK27	PS_DDR_A11_504	504
AJ25	PS_DDR_A12_504	504
AL25	PS_DDR_A13_504	504
AK25	PS_DDR_A14_504	504
AK24	PS_DDR_A15_504	504
AM24	PS_DDR_A16_504	504
AF25	PS_DDR_A17_504	504
AP30	PS_DDR_A1_504	504
AP26	PS_DDR_A2_504	504
AP27	PS_DDR_A3_504	504
AP25	PS_DDR_A4_504	504
AN24	PS_DDR_A5_504	504
AM29	PS_DDR_A6_504	504
AM28	PS_DDR_A7_504	504
AM26	PS_DDR_A8_504	504
AM25	PS_DDR_A9_504	504
AG25	PS_DDR_ACT_N_504	504
AF22	PS_DDR_ALERT_N_504	504
AH26	PS_DDR_BA0_504	504
AG26	PS_DDR_BA1_504	504
AK28	PS_DDR_BG0_504	504
AH27	PS_DDR_BG1_504	504
AN26	PS_DDR_CK0_504	504
AL26	PS_DDR_CK1_504	504
AN29	PS_DDR_CKE0_504	504
AJ27	PS_DDR_CKE1_504	504
AN27	PS_DDR_CK_N0_504	504
AL27	PS_DDR_CK_N1_504	504
AN28	PS_DDR_CS_N0_504	504
AL30	PS_DDR_CS_N1_504	504
AN17	PS_DDR_DM0_504	504
AM21	PS_DDR_DM1_504	504
AK19	PS_DDR_DM2_504	504
AH24	PS_DDR_DM3_504	504
AH31	PS_DDR_DM4_504	504
AE30	PS_DDR_DM5_504	504
AJ31	PS_DDR_DM6_504	504
AE34	PS_DDR_DM7_504	504
AN34	PS_DDR_DM8_504	504
AP20	PS_DDR_DQ0_504	504
AP24	PS_DDR_DQ10_504	504
AN23	PS_DDR_DQ11_504	504
AL21	PS_DDR_DQ12_504	504
AL22	PS_DDR_DQ13_504	504
AM23	PS_DDR_DQ14_504	504
AL23	PS_DDR_DQ15_504	504
AL20	PS_DDR_DQ16_504	504
AK20	PS_DDR_DQ17_504	504
AJ20	PS_DDR_DQ18_504	504
AK18	PS_DDR_DQ19_504	504
AP18	PS_DDR_DQ1_504	504
AG20	PS_DDR_DQ20_504	504
AH18	PS_DDR_DQ21_504	504
AG19	PS_DDR_DQ22_504	504
AG18	PS_DDR_DQ23_504	504
AG21	PS_DDR_DQ24_504	504
AH21	PS_DDR_DQ25_504	504
AG24	PS_DDR_DQ26_504	504
AG23	PS_DDR_DQ27_504	504
AK22	PS_DDR_DQ28_504	504
AJ21	PS_DDR_DQ29_504	504
AP19	PS_DDR_DQ2_504	504
AJ22	PS_DDR_DQ30_504	504
AK23	PS_DDR_DQ31_504	504
AG31	PS_DDR_DQ32_504	504
AG30	PS_DDR_DQ33_504	504
AG29	PS_DDR_DQ34_504	504
AG28	PS_DDR_DQ35_504	504
AJ30	PS_DDR_DQ36_504	504
AK29	PS_DDR_DQ37_504	504
AK30	PS_DDR_DQ38_504	504
AJ29	PS_DDR_DQ39_504	504
AP17	PS_DDR_DQ3_504	504
AE27	PS_DDR_DQ40_504	504
AF28	PS_DDR_DQ41_504	504
AF30	PS_DDR_DQ42_504	504
AF31	PS_DDR_DQ43_504	504
AD28	PS_DDR_DQ44_504	504
AD27	PS_DDR_DQ45_504	504
AD29	PS_DDR_DQ46_504	504
AD30	PS_DDR_DQ47_504	504
AH33	PS_DDR_DQ48_504	504
AJ34	PS_DDR_DQ49_504	504
AM20	PS_DDR_DQ4_504	504
AH34	PS_DDR_DQ50_504	504
AH32	PS_DDR_DQ51_504	504
AK34	PS_DDR_DQ52_504	504
AK33	PS_DDR_DQ53_504	504
AL32	PS_DDR_DQ54_504	504
AL31	PS_DDR_DQ55_504	504
AG33	PS_DDR_DQ56_504	504
AG34	PS_DDR_DQ57_504	504
AF32	PS_DDR_DQ58_504	504
AF33	PS_DDR_DQ59_504	504
AM19	PS_DDR_DQ5_504	504
AD31	PS_DDR_DQ60_504	504
AD32	PS_DDR_DQ61_504	504
AD34	PS_DDR_DQ62_504	504
AD33	PS_DDR_DQ63_504	504
AN31	PS_DDR_DQ64_504	504
AP31	PS_DDR_DQ65_504	504
AP32	PS_DDR_DQ66_504	504
AP33	PS_DDR_DQ67_504	504
AM31	PS_DDR_DQ68_504	504
AM33	PS_DDR_DQ69_504	504
AM18	PS_DDR_DQ6_504	504
AM34	PS_DDR_DQ70_504	504
AL33	PS_DDR_DQ71_504	504
AL18	PS_DDR_DQ7_504	504
AP22	PS_DDR_DQ8_504	504
AP21	PS_DDR_DQ9_504	504
AN19	PS_DDR_DQS_N0_504	504
AN22	PS_DDR_DQS_N1_504	504
AJ19	PS_DDR_DQS_N2_504	504
AH23	PS_DDR_DQS_N3_504	504
AH29	PS_DDR_DQS_N4_504	504
AE29	PS_DDR_DQS_N5_504	504
AK32	PS_DDR_DQS_N6_504	504
AE33	PS_DDR_DQS_N7_504	504
AN33	PS_DDR_DQS_N8_504	504
AN18	PS_DDR_DQS_P0_504	504
AN21	PS_DDR_DQS_P1_504	504
AH19	PS_DDR_DQS_P2_504	504
AH22	PS_DDR_DQS_P3_504	504
AH28	PS_DDR_DQS_P4_504	504
AE28	PS_DDR_DQS_P5_504	504
AJ32	PS_DDR_DQS_P6_504	504
AE32	PS_DDR_DQS_P7_504	504
AN32	PS_DDR_DQS_P8_504	504
AM30	PS_DDR_ODT0_504	504
AJ26	PS_DDR_ODT1_504	504
AF20	PS_DDR_PARITY_504	504
AF21	PS_DDR_RAM_RST_N_504	504
AF23	PS_DDR_ZQ_504	504
AA28	PS_MGTREFCLK0N_505	505
AA27	PS_MGTREFCLK0P_505	505
AB28	PS_MGTRREF_505	505
AB34	PS_MGTRRXN0_505	505
AB33	PS_MGTRRXP0_505	505
AB30	PS_MGTRTXN0_505	505
AB29	PS_MGTRTXP0_505	505
W28	PS_MGTREFCLK1N_505	505
W27	PS_MGTREFCLK1P_505	505
AA32	PS_MGTRRXN1_505	505
AA31	PS_MGTRRXP1_505	505
Y30	PS_MGTRTXN1_505	505
Y29	PS_MGTRTXP1_505	505
U28	PS_MGTREFCLK2N_505	505
U27	PS_MGTREFCLK2P_505	505
Y34	PS_MGTRRXN2_505	505
Y33	PS_MGTRRXP2_505	505
W32	PS_MGTRTXN2_505	505
W31	PS_MGTRTXP2_505	505
U32	PS_MGTREFCLK3N_505	505
U31	PS_MGTREFCLK3P_505	505
V34	PS_MGTRRXN3_505	505
V33	PS_MGTRRXP3_505	505
V30	PS_MGTRTXN3_505	505
V29	PS_MGTRTXP3_505	505
A1	GND	
A10	MGTAVCC_R	
A11	GND	
A14	GND	
A19	GND	
A2	GND	
A24	GND	
A28	GND	
A29	MGTRREF_L	128
A30	MGTAVTTRCAL_L	128
A33	GND	
A34	GND	
A5	MGTAVTTRCAL_R	228
A6	MGTRREF_R	228
A9	GND	
AA13	VCCINT_IO	
AA14	GND	
AA15	VCCINT	
AA16	GND	
AA17	VCCINT	
AA18	GND	
AA19	VCCINT	
AA20	GND	
AA21	VCC_PSINTLP	
AA22	VCC_PSBATT	
AA23	VCC_PSAUX	
AA24	GND	
AA25	VCC_PSAUX	
AA26	GND	
AA29	PS_MGTRAVCC	
AA30	GND	
AA33	GND	
AA34	GND	
AA4	GND	
AA9	VCCO_66	66
AB12	GND	
AB13	VCCINT_IO	
AB14	VCCBRAM	
AB15	GND	
AB16	VCCINT	
AB17	GND	
AB18	VCCINT	
AB19	GND	
AB2	GND	
AB20	VCCINT	
AB21	VCC_PSINTLP	
AB22	GND	
AB23	VCC_PSINTLP	
AB24	GND_PSADC	
AB25	VCC_PSADC	
AB26	GND	
AB27	GND	
AB31	GND	
AB32	PS_MGTRAVTT	
AB7	GND	
AC10	GND	
AC13	VCCINT_IO	
AC14	VCCBRAM	
AC15	VCCINT	
AC16	GND	
AC17	VCCINT	
AC18	GND	
AC19	VCCINT	
AC20	GND	
AC21	VCC_PSINTLP	
AC22	VCC_PSINTLP	
AC23	VCC_PSINTLP	
AC24	VCC_PSINTFP	
AC25	GND_PSADC	
AC26	VCC_PSADC	
AC27	GND	
AC28	GND	
AC29	GND	
AC30	GND	
AC31	GND	
AC32	GND	
AC33	GND	
AC34	GND	
AC5	GND	
AD11	VREF_65	65
AD12	VREF_66	66
AD13	GND	
AD14	POR_OVERRIDE	0
AD15	PUDC_B	0
AD21	VCC_PSINTFP	
AD22	VCC_PSINTFP	
AD23	GND	
AD24	VCC_PSINTFP_DDR	
AD25	VCC_PSINTFP	
AD26	VCC_PSINTFP	
AD3	GND	
AD8	VCCO_65	65
AE11	GND	
AE16	VCCO_PSIO0_500	500
AE21	GND	
AE22	VCC_PSINTFP	
AE23	VCC_PSINTFP	
AE24	VCC_PSINTFP_DDR	
AE25	VCC_PSINTFP_DDR	
AE26	GND	
AE31	GND	
AE6	GND	
AF14	VCCO_44	44
AF19	GND	
AF24	GND	
AF26	NC	
AF27	NC	
AF29	GND	
AF34	GND	
AF4	GND	
AF9	VCCO_65	65
AG12	GND	
AG17	VCCO_PSIO0_500	500
AG2	GND	
AG22	GND	
AG27	VCCO_PSDDR_504	504
AG32	GND	
AG7	VCCO_65	65
AH10	GND	
AH15	GND	
AH20	GND	
AH25	GND	
AH30	GND	
AH5	GND	
AJ11	VREF_64	64
AJ13	VCCO_44	44
AJ18	GND	
AJ23	GND	
AJ24	VCCO_PSDDR_504	504
AJ28	VCCO_PSDDR_504	504
AJ3	GND	
AJ33	GND	
AJ8	VCCO_64	64
AK11	VCCO_64	64
AK16	VCCO_PSIO0_500	500
AK21	GND	
AK26	GND	
AK31	GND	
AK6	GND	
AL14	GND	
AL19	GND	
AL24	VCCO_PSDDR_504	504
AL29	VCCO_PSDDR_504	504
AL34	GND	
AL4	GND	
AL9	VCCO_64	64
AM12	GND	
AM17	GND	
AM2	GND	
AM22	GND	
AM27	GND	
AM32	GND	
AM7	GND	
AN10	GND	
AN15	GND	
AN20	GND	
AN25	VCCO_PSDDR_504	504
AN30	VCCO_PSDDR_504	504
AN5	GND	
AP13	GND	
AP23	GND	
AP28	GND	
AP34	GND	
B11	GND	
B17	GND	
B22	GND	
B28	GND	
B3	MGTAVTT_R	
B31	MGTAVTT_L	
B32	GND	
B4	GND	
B7	GND	
B8	MGTAVCC_R	
C1	GND	
C10	GND	
C11	GND	
C15	GND	
C2	GND	
C20	GND	
C25	GND	
C28	GND	
C29	MGTAVTT_L	
C30	GND	
C33	GND	
C34	GND	
C5	GND	
C6	MGTAVCC_R	
C9	GND	
D13	GND	
D18	GND	
D23	VCCO_PSIO2_502	502
D26	GND	
D27	GND	
D28	GND	
D3	GND	
D31	GND	
D32	MGTAVTT_L	
D4	MGTAVTT_R	
D7	MGTAVCC_R	
D8	GND	
D9	GND	
E1	GND	
E11	GND	
E16	VCCO_49	49
E2	GND	
E21	VCCO_47	47
E26	GND	
E29	GND	
E30	MGTAVTT_L	
E33	GND	
E34	GND	
E5	MGTAVCC_R	
E6	GND	
E9	GND	
F14	VCCO_49	49
F19	GND	
F24	VCCO_PSIO2_502	502
F26	GND	
F27	GND	
F28	MGTAVCC_L	
F3	MGTAVTT_R	
F31	MGTAVTT_L	
F32	GND	
F4	GND	
F7	GND	
F8	MGTVCCAUX_R	
F9	GND	
G1	GND	
G12	VCCO_50	50
G17	VCCO_48	48
G2	GND	
G22	VCCO_PSIO2_502	502
G26	GND	
G29	MGTAVCC_L	
G30	GND	
G33	GND	
G34	GND	
G5	GND	
G6	MGTAVCC_R	
G9	GND	
H15	GND	
H20	VCCO_47	47
H26	GND	
H27	MGTAVCC_L	
H28	GND	
H3	GND	
H31	GND	
H32	MGTAVTT_L	
H4	MGTAVTT_R	
H7	MGTVCCAUX_R	
H8	GND	
H9	GND	
J1	GND	
J13	VCCO_50	50
J18	VCCO_48	48
J2	GND	
J23	GND	
J26	GND	
J29	GND	
J30	MGTAVTT_L	
J33	GND	
J34	GND	
J5	MGTAVTT_R	
J6	GND	
J9	GND	
K11	GND	
K21	GND	
K26	GND	
K27	GND	
K28	MGTVCCAUX_L	
K3	MGTAVTT_R	
K31	MGTAVTT_L	
K32	GND	
K4	GND	
K7	GND	
K8	MGTAVCC_R	
K9	GND	
L1	GND	
L14	GND	
L2	GND	
L24	VCCO_PSIO1_501	501
L26	GND	
L29	MGTAVCC_L	
L30	GND	
L33	GND	
L34	GND	
L5	GND	
L6	MGTAVTT_R	
L9	GND	
M12	GND	
M16	VCCINT	
M17	GND	
M18	VCCINT	
M19	GND	
M20	VCCINT	
M22	VCCO_PSIO1_501	501
M26	GND	
M27	MGTVCCAUX_L	
M28	GND	
M3	GND	
M31	GND	
M32	MGTAVTT_L	
M4	MGTAVTT_R	
M7	GND	
M8	GND	
M9	GND	
N1	GND	
N10	GND	
N14	VREF_67	67
N15	VCCINT	
N16	GND	
N17	VCCINT	
N18	GND	
N19	VCCINT	
N2	GND	
N20	GND	
N26	GND	
N29	GND	
N30	MGTAVTT_L	
N33	GND	
N34	GND	
N5	MGTAVTT_R	
N6	GND	
N7	GND	
P13	GND	
P14	VCCINT	
P15	GND	
P16	VCCINT	
P17	GND	
P18	VCCINT	
P19	GND	
P20	VCCINT	
P23	GND	
P26	GND	
P27	GND	
P28	MGTAVCC_L	
P3	MGTAVTT_R	
P31	MGTAVTT_L	
P32	GND	
P4	GND	
P7	GND	
P8	VCCO_67	67
R1	GND	
R11	GND	
R14	GND	
R15	VCCINT	
R16	GND	
R17	VCCINT	
R18	GND	
R19	VCCINT	
R2	GND	
R20	GND	
R26	GND	
R29	MGTAVCC_L	
R30	GND	
R33	GND	
R34	GND	
R5	GND	
R6	GND	
R7	GND	
T14	VCCAUX	
T15	GND	
T16	VCCINT	
T17	GNDADC	0
T18	VCCADC	0
T19	GND	
T20	VCCINT	
T24	VCCO_PSIO3_503	503
T26	GND	
T27	GND	
T28	GND	
T3	GND	
T31	GND	
T32	GND	
T4	GND	
T5	GND	
T9	VCCO_67	67
U1	GND	
U12	GND	
U13	VCCAUX_IO	
U14	VCCAUX	
U15	VCCINT	
U16	GND	
U17	VREFN	0
U19	VCCINT	
U2	GND	
U20	GND	
U22	VCCO_PSIO3_503	503
U26	GND	
U29	GND	
U3	GND	
U30	GND	
U33	GND	
U34	GND	
U7	VCCO_67	67
V10	GND	
V13	VCCAUX_IO	
V14	VCCAUX_IO	
V15	GND	
V16	VCCINT	
V18	VREFP	0
V19	GND	
V20	VCCINT	
V25	GND	
V26	GND	
V27	GND	
V28	PS_MGTRAVCC	
V31	GND	
V32	PS_MGTRAVTT	
V5	GND	
W13	GND	
W14	VCCBRAM	
W15	VCCINT	
W16	GND	
W17	DXN	0
W18	DXP	0
W19	VCCINT	
W20	GND	
W22	VCC_PSPLL	
W23	GND	
W24	VCC_PSPLL	
W25	VCC_PSPLL	
W26	GND	
W29	GND	
W3	GND	
W30	PS_MGTRAVCC	
W33	GND	
W34	GND	
W8	VCCO_66	66
Y11	VCCO_66	66
Y13	VCCINT_IO	
Y14	VCCBRAM	
Y15	GND	
Y16	VCCINT	
Y17	GND	
Y18	VCCINT	
Y19	GND	
Y20	VCCINT	
Y21	GND	
Y22	VCC_PSAUX	
Y23	VCC_PSAUX	
Y24	VCC_PSDDR_PLL	
Y25	VCC_PSDDR_PLL	
Y26	GND	
Y27	PS_MGTRAVCC	
Y28	GND	
Y31	PS_MGTRAVTT	
Y32	GND	
Y6	GND	
